Text,Count_Vector,Probability
This is the first document.,"[1, 1, 1, 1, 1, 0, 0, 0, 0]","[0.2, 0.2, 0.2, 0.2, 0.2]"
This document is the second document.,"[1, 1, 1, 0, 2, 1, 0, 0, 0]","[0.16666666666666666, 0.16666666666666666, 0.16666666666666666, 0.16666666666666666, 0.16666666666666666, 0.3333333333333333]"
And this is the third one.,"[1, 1, 1, 0, 0, 0, 1, 1, 1]","[0.16666666666666666, 0.16666666666666666, 0.16666666666666666, 0.16666666666666666, 0.16666666666666666, 0.16666666666666666]"
Is this the first document?,"[1, 1, 1, 1, 1, 0, 0, 0, 0]","[0.2, 0.2, 0.2, 0.2, 0.2]"
